metric,MIP,DP,Baseline,Heuristic
Branch Utilization,66.66666666666666,66.66666666666666,50.0,66.66666666666666
Request Satisfaction,80.0,80.0,60.0,80.0
Total Distance,1882.846148188191,1882.846148188191,1302.6621959829874,1903.7453849011272
Total Priority,9.0,9.0,5.0,9.0
