metric,MIP,DP,Baseline,Heuristic
Branch Utilization,82.35294117647058,82.35294117647058,47.05882352941176,64.70588235294117
Request Satisfaction,100.0,100.0,57.14285714285714,78.57142857142857
Total Distance,17018.15749756506,17028.354563170702,12168.900406599703,12827.574282489726
Total Priority,83.0,83.0,35.0,64.0
