metric,MIP,DP,Baseline,Heuristic
Branch Utilization,54.54545454545454,54.54545454545454,45.45454545454545,54.54545454545454
Request Satisfaction,100.0,100.0,83.33333333333334,100.0
Total Distance,2684.6302042965963,2783.8873951280384,2841.6833577654234,2793.8362024332087
Total Priority,23.0,23.0,17.0,23.0
