metric,MIP,DP,Baseline,Heuristic
Branch Utilization,100.0,100.0,50.0,90.0
Request Satisfaction,90.9090909090909,90.9090909090909,45.45454545454545,81.81818181818183
Total Distance,9425.768524997367,11002.473950723654,3879.3876937114196,12137.98669579195
Total Priority,64.0,66.0,21.0,55.0
