metric,MIP,DP,Baseline,Heuristic
Branch Utilization,16.666666666666664,16.666666666666664,16.666666666666664,16.666666666666664
Request Satisfaction,100.0,100.0,100.0,100.0
Total Distance,63.7808748764079,63.7808748764079,98.2496819333274,63.7808748764079
Total Priority,1.0,1.0,1.0,1.0
