metric,MIP,DP,Baseline,Heuristic
Branch Utilization,41.66666666666667,41.66666666666667,41.66666666666667,41.66666666666667
Request Satisfaction,100.0,100.0,100.0,100.0
Total Distance,1143.5784411440372,1143.5784411440372,868.5708895780476,1143.5784411440372
Total Priority,23.0,23.0,23.0,23.0
