metric,MIP,DP,Baseline,Heuristic
Branch Utilization,40.0,40.0,40.0,40.0
Request Satisfaction,66.66666666666666,66.66666666666666,66.66666666666666,66.66666666666666
Total Distance,657.378285612471,553.4966060774927,657.378285612471,553.4966060774927
Total Priority,2.0,2.0,2.0,2.0
