metric,MIP,DP,Baseline,Heuristic
Branch Utilization,100.0,100.0,55.55555555555556,88.88888888888889
Request Satisfaction,90.0,90.0,50.0,80.0
Total Distance,5987.355503044641,5790.442764398646,3700.3971935061077,5987.745186040904
Total Priority,53.0,53.0,19.0,41.0
