metric,MIP,DP,Baseline,Heuristic
Branch Utilization,61.53846153846154,61.53846153846154,38.46153846153847,53.84615384615385
Request Satisfaction,72.72727272727273,72.72727272727273,45.45454545454545,63.63636363636363
Total Distance,5064.772395497252,5064.772395497252,2713.98028256013,4849.61076726119
Total Priority,38.0,38.0,23.0,36.0
