metric,MIP,DP,Baseline,Heuristic
Branch Utilization,16.666666666666664,16.666666666666664,16.666666666666664,16.666666666666664
Request Satisfaction,100.0,100.0,100.0,100.0
Total Distance,186.1316738225926,186.1316738225926,186.1316738225926,186.1316738225926
Total Priority,1.0,1.0,1.0,1.0
