metric,MIP,DP,Baseline,Heuristic
Branch Utilization,58.82352941176471,58.82352941176471,58.82352941176471,58.82352941176471
Request Satisfaction,100.0,100.0,100.0,100.0
Total Distance,8598.963299591456,8090.442376255322,7900.045751363132,7980.15480856288
Total Priority,44.0,44.0,44.0,44.0
