metric,MIP,DP,Baseline,Heuristic
Branch Utilization,28.57142857142857,28.57142857142857,28.57142857142857,28.57142857142857
Request Satisfaction,100.0,100.0,100.0,100.0
Total Distance,227.38837757878622,227.38837757878622,196.84318678737546,227.38837757878622
Total Priority,2.0,2.0,2.0,2.0
