metric,MIP,DP,Baseline,Heuristic
Branch Utilization,58.333333333333336,58.333333333333336,41.66666666666667,58.333333333333336
Request Satisfaction,100.0,100.0,71.42857142857143,100.0
Total Distance,3658.5485400014086,3497.2317841045797,2393.1507983647143,3658.5485400014086
Total Priority,22.0,22.0,12.0,22.0
