metric,MIP,DP,Baseline,Heuristic
Branch Utilization,41.66666666666667,41.66666666666667,33.33333333333333,41.66666666666667
Request Satisfaction,62.5,62.5,50.0,62.5
Total Distance,3170.0561357609463,2708.4550212568006,2542.6415082075773,2842.2037652629956
Total Priority,15.0,18.0,13.0,19.0
