metric,MIP,Baseline,Heuristic
Branch Utilization,2.326869806094183,1.9390581717451523,2.326869806094183
Request Satisfaction,10.76923076923077,9.230769230769232,10.76923076923077
Total Distance,939.5467804783262,871.0149667734445,939.5467804783262
Total Priority,973.0,817.0,973.0
