metric,MIP,Baseline,Heuristic
Branch Utilization,3.253588516746411,2.360446570972887,2.9984051036682615
Request Satisfaction,23.983739837398375,19.91869918699187,23.170731707317074
Total Distance,5053.232316904259,4005.0878989137154,4822.830047708003
Total Priority,6630.0,6107.0,6452.0
