metric,MIP,Baseline,Heuristic
Branch Utilization,3.8363605499915123,2.8518078424715667,3.581734849770837
Request Satisfaction,23.762376237623762,20.13201320132013,23.1023102310231
Total Distance,6015.5141574459385,5268.010236192638,5636.579905370814
Total Priority,9461.0,7982.0,9263.0
