metric,MIP,Baseline,Heuristic
Branch Utilization,7.368296155671571,5.363075462743237,6.2648315140009485
Request Satisfaction,32.42784380305603,28.01358234295416,29.03225806451613
Total Distance,24429.003832699582,21119.19265395779,21541.235088129466
Total Priority,56994.0,48991.0,50777.0
