metric,MIP,Baseline,Heuristic
Branch Utilization,1.7751479289940828,1.237224314147391,1.7751479289940828
Request Satisfaction,7.086614173228346,5.511811023622047,7.086614173228346
Total Distance,720.5677681461723,557.3966502814064,720.5677681461723
Total Priority,778.0,640.0,778.0
