metric,MIP,Baseline,Heuristic
Branch Utilization,7.50610962411265,5.178633771674619,6.412195973466775
Request Satisfaction,33.80281690140845,27.640845070422536,30.633802816901408
Total Distance,23818.30492234553,18800.64092270492,21699.746792330698
Total Priority,55136.0,44919.0,48843.0
