metric,MIP,Baseline,Heuristic
Branch Utilization,7.652882935352359,5.18345952242283,6.592894583576005
Request Satisfaction,35.43441226575809,29.471890971039183,31.85689948892675
Total Distance,26943.219104778225,21871.095214669924,24239.358116181433
Total Priority,63798.0,52265.0,57554.0
