metric,MIP,Baseline,Heuristic
Branch Utilization,4.525862068965517,2.8879310344827585,3.9655172413793105
Request Satisfaction,25.98870056497175,20.62146892655367,23.728813559322035
Total Distance,10000.1615551216,7836.420165492263,8956.122069509414
Total Priority,16347.0,12480.0,15287.0
