metric,MIP,Baseline,Heuristic
Branch Utilization,1.897386253630203,1.3939980638915779,1.9554695062923524
Request Satisfaction,19.892473118279568,16.666666666666664,19.892473118279568
Total Distance,2916.687434437432,2394.066687968672,2857.61611059976
Total Priority,3492.0,3129.0,3492.0
