metric,MIP,Baseline,Heuristic
Branch Utilization,2.046384720327422,1.2733060482037288,2.0691223283310594
Request Satisfaction,20.833333333333336,15.277777777777779,20.833333333333336
Total Distance,2172.887352654947,1644.1445559686765,2185.0818843158427
Total Priority,2205.0,1504.0,2205.0
