metric,MIP,Baseline,Heuristic
Branch Utilization,6.188025605623196,4.844985565457512,5.510229697502197
Request Satisfaction,28.625235404896422,25.235404896421848,26.365348399246702
Total Distance,17587.157463688138,15625.999724770254,16238.145055527984
Total Priority,42664.0,37534.0,38717.0
