metric,MIP,Baseline,Heuristic
Branch Utilization,2.3075431452394803,1.6094628660073687,2.3075431452394803
Request Satisfaction,20.0,16.11111111111111,20.0
Total Distance,2967.186828785672,2379.390755534887,2906.8775488831334
Total Priority,3393.0,2838.0,3393.0
