metric,MIP,Baseline,Heuristic
Branch Utilization,3.5379369138959933,2.6143790849673203,3.2679738562091507
Request Satisfaction,27.54098360655738,22.950819672131146,25.901639344262296
Total Distance,8514.317519935468,7019.444243527313,7943.33476821928
Total Priority,12769.0,9875.0,11822.0
