metric,MIP,Baseline,Heuristic
Branch Utilization,5.514993481095177,4.0938722294654495,4.99348109517601
Request Satisfaction,30.735930735930733,25.541125541125542,28.13852813852814
Total Distance,15468.986603593929,12869.880410644068,13957.014357405653
Total Priority,31943.0,26760.0,29787.0
