metric,MIP,Baseline,Heuristic
Branch Utilization,5.575856002165381,3.640546758695358,4.669102720259845
Request Satisfaction,28.511530398322847,22.851153039832283,25.366876310272534
Total Distance,15478.600663358955,12481.190403602117,13749.913857663654
Total Priority,32545.0,26324.0,29067.0
