metric,MIP,Baseline,Heuristic
Branch Utilization,1.7870257037943698,1.3953488372093024,1.7870257037943698
Request Satisfaction,17.02127659574468,14.893617021276595,17.02127659574468
Total Distance,1691.9748766814398,1505.3877466067893,1691.9748766814398
Total Priority,1301.0,1226.0,1301.0
