metric,MIP,Baseline,Heuristic
Branch Utilization,6.299117398138073,4.558094547213154,5.525329464393665
Request Satisfaction,30.16759776536313,25.139664804469277,27.37430167597765
Total Distance,19558.13370070061,16221.437751331046,17689.569341468843
Total Priority,45429.0,37310.0,40877.0
