metric,MIP,Baseline,Heuristic
Branch Utilization,2.1543610123405146,1.3804643380046016,1.98703200167329
Request Satisfaction,16.969696969696972,12.727272727272727,16.363636363636363
Total Distance,2222.0316076930067,1692.3968015138626,2099.814108902437
Total Priority,2103.0,1490.0,2012.0
