metric,MIP,Baseline,Heuristic
Branch Utilization,3.3164128595600673,2.250423011844332,3.1472081218274113
Request Satisfaction,24.47257383966245,18.9873417721519,23.628691983122362
Total Distance,4984.232364050406,3957.9604438583997,4767.5920623415195
Total Priority,6399.0,5040.0,6189.0
