metric,MIP,Baseline,Heuristic
Branch Utilization,2.5771447948457102,1.9667683960664633,2.4245506951508986
Request Satisfaction,23.11111111111111,20.0,22.22222222222222
Total Distance,4388.872080860277,3726.8913481708178,4210.249213167138
Total Priority,5311.0,4531.0,5121.0
